SMILES,title,i_i_glide_lignum,docking_status,r_glide_cpu_time,r_i_docking_score,s_i_glide_gridfile,r_glide_XP_ClBr,r_glide_XP_Electro,r_glide_XP_GScore,r_glide_XP_HBond,i_glide_XP_impact_version,r_glide_XP_LipophilicEvdW,r_glide_XP_LowMW,r_glide_XP_Penalties,r_glide_XP_HBPenal,r_glide_XP_ExposPenal,r_glide_XP_RotPenal,r_glide_XP_PhobEn,r_glide_XP_PhobEnHB,r_glide_XP_PhobEnPairHB,r_glide_XP_PiCat,r_glide_XP_PiStack,i_glide_XP_PoseRank,r_glide_XP_Sitemap,r_glide_XP_Zpotr,r_i_glide_gscore,r_i_glide_evdw,r_i_glide_ecoul,r_i_glide_energy,r_i_glide_einternal,r_i_glide_emodel
O=C([O-])c1c[n+]([O-])ccn1,ZINC000002559863,2,Done,11.53,-11.5312,glide-grid_8F76,,,-11.5312,-2.28602,,,,,,,,,,,,,1,,,-11.5312,9.93059,-18.5587,-8.62807,2.67781,-8.86843
O=C([O-])C1(C(=O)[O-])CCCO1,ZINC000064033582,3,Done,28.77,-11.4234,glide-grid_8F76,,,-11.4234,-2.85264,,,,,,,,,,,,,1,,,-11.4234,2.78918,-18.0418,-15.2526,2.18253,-6.74304
O=C([O-])C(O)(O)C(F)(F)F,ZINC000033388485,508,Done,18.98,-11.1471,glide-grid_8F76,,,-11.1471,-3.11137,,,,,,,,,,,,,1,,,-11.1471,3.29254,-13.6943,-10.4018,1.08472,-4.67047
O=C([O-])[C@H](O)C1CC1,ZINC000041047748,7,Done,31.8,-11.1221,glide-grid_8F76,,,-11.1221,-2.71064,,,,,,,,,,,,,1,,,-11.1221,-5.9565,-12.5766,-18.5331,0.973851,-17.9292
[NH3+][C@H](C(=O)[O-])C1COC1,ZINC000038433653,8,Done,35.3,-11.0412,glide-grid_8F76,,,-11.0412,-1.91239,,,,,,,,,,,,,1,,,-11.0412,1.1726,-10.5593,-9.38675,4.35867,4.81204
O=C([O-])[C@@H](O)[C@@H](O)C(F)F,ZINC000256050990,9,Done,34.51,-11.0235,glide-grid_8F76,,,-11.0235,-2.95627,,,,,,,,,,,,,1,,,-11.0235,-5.60567,-13.8875,-19.4932,8.34959,-15.7951
O=C([O-])C1(C(=O)[O-])CC(F)(F)C1,ZINC000090685292,6,Done,14.8,-11.0103,glide-grid_8F76,,,-11.251,-2.81212,,,,,,,,,,,,,1,,,-11.251,8.38591,-17.5708,-9.1849,1.7607,4.67032
N#CCn1ccc(C(=O)[O-])n1,ZINC000070707679,14,Done,9.41,-10.9392,glide-grid_8F76,,,-10.9392,-2.96169,,,,,,,,,,,,,1,,,-10.9392,-3.53937,-13.0772,-16.6166,0.116427,-3.00853
O=C([O-])C1(O)CC1,ZINC000002539397,11,Done,16.29,-10.8895,glide-grid_8F76,,,-10.8895,-3.15591,,,,,,,,,,,,,1,,,-10.8895,-4.62533,-13.1116,-17.7369,2.42488,-19.6736
C[C@H](S)CC(=O)[O-],ZINC000005652319,12,Done,17.64,-10.8872,glide-grid_8F76,,,-10.8872,-2.08179,,,,,,,,,,,,,1,,,-10.8872,-5.48049,-12.0077,-17.4882,6.19375,-11.5222
O=C1CC(C(=O)[O-])(C(=O)[O-])C1,ZINC000145407450,495,Done,25.29,-10.8629,glide-grid_8F76,,,-11.1205,-2.8128,,,,,,,,,,,,,1,,,-11.1205,4.11318,-17.2356,-13.1225,1.99108,-3.38467
O=C([O-])[C@@H]1CCON1,ZINC000104715823,15,Done,13.03,-10.8282,glide-grid_8F76,,,-10.8436,-2.58561,,,,,,,,,,,,,1,,,-10.8436,-6.63243,-12.6728,-19.3052,0.14721,-22.6063
C[C@H](O)[C@H](O)C(=O)[O-],ZINC000001695854,16,Done,21.7,-10.8132,glide-grid_8F76,,,-10.8132,-3.14897,,,,,,,,,,,,,1,,,-10.8132,-6.7714,-13.2516,-20.023,2.04557,-20.7472
CC[C@H](O)C(=O)[O-],ZINC000000895970,17,Done,16.1,-10.8034,glide-grid_8F76,,,-10.8034,-2.65607,,,,,,,,,,,,,1,,,-10.8034,-9.99753,-12.1566,-22.1541,4.39065,-25.5127
O=C([O-])CS,ZINC000004658574,19,Done,10.96,-10.7923,glide-grid_8F76,,,-10.7923,-2.15314,,,,,,,,,,,,,1,,,-10.7923,-11.7005,-11.5927,-23.2931,0.409641,-28.4429
O=C([O-])c1ccc(F)o1,ZINC000085395459,22,Done,6.83,-10.7866,glide-grid_8F76,,,-10.7866,-2.22206,,,,,,,,,,,,,1,,,-10.7866,-5.96076,-12.3119,-18.2727,2.80842,-14.5474
O=C([O-])[C@H]1CC[C@H]1O,ZINC000076570703,21,Done,20.78,-10.7695,glide-grid_8F76,,,-10.7695,-2.6514,,,,,,,,,,,,,1,,,-10.7695,0.223194,-13.3055,-13.0823,0.509423,-5.42854
N#CCn1cnc(C(=O)[O-])n1,ZINC000307359012,10,Done,7.34,-10.7359,glide-grid_8F76,,,-10.7359,-2.64833,,,,,,,,,,,,,1,,,-10.7359,-5.30801,-14.2551,-19.5631,4.95982,-5.52255
O=C([O-])C1=NOCC1=O,ZINC000014980359,23,Done,5.16,-10.7306,glide-grid_8F76,,,-10.7306,-2.29966,,,,,,,,,,,,,1,,,-10.7306,-9.65296,-14.3395,-23.9925,2.56671,-23.554
O=C([O-])[C@@H](F)C1CC1,ZINC000107257454,24,Done,17.89,-10.719,glide-grid_8F76,,,-10.719,-2.08913,,,,,,,,,,,,,1,,,-10.719,-10.0306,-11.1054,-21.136,3.28347,-23.5028
O=C([O-])C(O)O,ZINC000006660936,25,Done,21.57,-10.7189,glide-grid_8F76,,,-10.7189,-2.14065,,,,,,,,,,,,,1,,,-10.7189,-10.5673,-12.7991,-23.3664,0.259399,-28.434
C[C@H](O)[C@H](F)C(=O)[O-],ZINC000002000447,27,Done,18.21,-10.7114,glide-grid_8F76,,,-10.7114,-2.59108,,,,,,,,,,,,,1,,,-10.7114,-7.76354,-15.1463,-22.9099,6.84939,-20.5866
O=C([O-])[C@H](F)C1CC1,ZINC000107257458,28,Done,18.52,-10.709,glide-grid_8F76,,,-10.709,-2.16977,,,,,,,,,,,,,1,,,-10.709,-10.5035,-10.8321,-21.3356,0.505474,-23.006
O=C([O-])C1=NOCC1,ZINC000032302618,40,Done,8.69,-10.687,glide-grid_8F76,,,-10.687,-2.21235,,,,,,,,,,,,,1,,,-10.687,-13.4336,-12.3669,-25.8005,2.96566,-28.9703
O=C([O-])[C@H]1COCC1(F)F,ZINC000076589251,156,Done,10.55,-10.6863,glide-grid_8F76,,,-10.6863,-2.04145,,,,,,,,,,,,,1,,,-10.6863,-4.02392,-11.7498,-15.7737,1.27765,-3.68982
CC1=C[C@H]1C(=O)[O-],ZINC000039234614,33,Done,9.47,-10.6727,glide-grid_8F76,,,-10.6727,-2.10299,,,,,,,,,,,,,1,,,-10.6727,-8.60431,-12.4277,-21.032,0.183206,-15.8183
O=C([O-])[C@@H](F)CF,ZINC000034154104,30,Done,11.26,-10.6716,glide-grid_8F76,,,-10.6716,-2.13964,,,,,,,,,,,,,1,,,-10.6716,-9.87579,-11.6322,-21.508,3.67115,-25.7838
O=C([O-])c1[nH]cc(F)c1F,ZINC000045795825,32,Done,7.97,-10.6601,glide-grid_8F76,,,-10.6601,-2.23128,,,,,,,,,,,,,1,,,-10.6601,-5.04056,-12.1236,-17.1641,3.69377,-16.0922
CCC(C(=O)[O-])C(=O)[O-],ZINC000000388046,29,Done,28.01,-10.6526,glide-grid_8F76,,,-10.6762,-2.74282,,,,,,,,,,,,,1,,,-10.6762,0.499521,-15.8769,-15.3774,5.92933,-7.37979
C[C@@H](O)[C@@H](O)C(=O)[O-],ZINC000001695857,36,Done,34.7,-10.6334,glide-grid_8F76,,,-10.6334,-1.89063,,,,,,,,,,,,,1,,,-10.6334,-0.765752,-13.0963,-13.862,3.53552,-16.2539
O=C([O-])C(F)(F)C(F)F,ZINC000001845748,37,Done,10.92,-10.6249,glide-grid_8F76,,,-10.6249,-1.75812,,,,,,,,,,,,,1,,,-10.6249,-10.1415,-10.8357,-20.9772,2.03877,-26.1379
C#Cc1c[nH]c(C(=O)[O-])c1,ZINC000095922070,38,Done,13.58,-10.6173,glide-grid_8F76,,,-10.6173,-1.92184,,,,,,,,,,,,,1,,,-10.6173,-6.18623,-10.7767,-16.9629,3.58526,-11.805
C[C@H](O)CC(=O)[O-],ZINC000000901665,34,Done,17.76,-10.6056,glide-grid_8F76,,,-10.6056,-1.87518,,,,,,,,,,,,,1,,,-10.6056,-7.43901,-13.8636,-21.3026,5.78159,-18.6555
O=C([O-])c1ccco1,ZINC000000158555,41,Done,9,-10.5885,glide-grid_8F76,,,-10.5885,-2.14321,,,,,,,,,,,,,1,,,-10.5885,-10.2247,-11.6656,-21.8903,4.15121,-25.799
O=C1C[C@@H](C(=O)[O-])N1,ZINC000004977734,42,Done,8.55,-10.5831,glide-grid_8F76,,,-10.5831,-2.63095,,,,,,,,,,,,,1,,,-10.5831,-11.4348,-11.8216,-23.2563,0.0253037,-26.7261
O=C([O-])c1cc(F)c[nH]1,ZINC000095740519,47,Done,7.97,-10.5821,glide-grid_8F76,,,-10.5821,-2.19065,,,,,,,,,,,,,1,,,-10.5821,-9.15903,-10.4654,-19.6244,4.97015,-21.5783
CC[C@@H](O)C(=O)[O-],ZINC000001693559,43,Done,17.91,-10.5723,glide-grid_8F76,,,-10.5723,-2.88402,,,,,,,,,,,,,1,,,-10.5723,-4.90511,-12.795,-17.7001,0.472106,-21.2417
Cc1coc(C(=O)[O-])c1,ZINC000039199132,26,Done,10.03,-10.5633,glide-grid_8F76,,,-10.5633,-2.18751,,,,,,,,,,,,,1,,,-10.5633,-4.46832,-11.0164,-15.4848,0.00086023,-12.7801
CC1=C[C@@H]1C(=O)[O-],ZINC000039234613,44,Done,12.09,-10.5595,glide-grid_8F76,,,-10.5595,-1.90398,,,,,,,,,,,,,1,,,-10.5595,-6.56574,-11.651,-18.2167,0.58467,-20.3827
C[C@@H]1[C@@H](C(=O)[O-])C1(F)F,ZINC000068577131,48,Done,10.43,-10.5576,glide-grid_8F76,,,-10.5576,-2.18622,,,,,,,,,,,,,1,,,-10.5576,-6.54131,-12.429,-18.9703,0.766227,-19.9379
Cc1coc(C(=O)[O-])n1,ZINC000038530119,49,Done,11.37,-10.5498,glide-grid_8F76,,,-10.5498,-1.93358,,,,,,,,,,,,,1,,,-10.5498,-4.66801,-12.0734,-16.7414,4.41484,10.3013
O=C[C@H](O)C(=O)[O-],ZINC000000895511,50,Done,13.96,-10.5494,glide-grid_8F76,,,-10.5494,-2.72378,,,,,,,,,,,,,1,,,-10.5494,-11.9288,-10.8915,-22.8203,1.62307,-27.8022
C[C@@H](O)[C@H](F)C(=O)[O-],ZINC000002000448,51,Done,17.91,-10.5471,glide-grid_8F76,,,-10.5471,-2.59484,,,,,,,,,,,,,1,,,-10.5471,-10.8277,-12.0379,-22.8657,5.85174,-22.7682
Cc1cc(C(=O)[O-])co1,ZINC000006070171,52,Done,9.41,-10.5456,glide-grid_8F76,,,-10.5456,-1.9304,,,,,,,,,,,,,1,,,-10.5456,-6.80538,-10.869,-17.6744,2.33761,-8.21688
O=C([O-])[C@H]1C[C@@H]1F,ZINC000034268626,72,Done,9.06,-10.5451,glide-grid_8F76,,,-10.5451,-2.2124,,,,,,,,,,,,,1,,,-10.5451,-9.61458,-11.1603,-20.7749,0.405247,-24.9628
O=C([O-])C1CCCC1,ZINC000000388464,259,Done,13.55,-10.5368,glide-grid_8F76,,,-10.5368,-2.10442,,,,,,,,,,,,,1,,,-10.5368,-6.56375,-11.798,-18.3618,0.0383408,-8.52672
Cc1c[nH]c(C(=O)[O-])c1,ZINC000002513001,53,Done,10.07,-10.5359,glide-grid_8F76,,,-10.5359,-1.92733,,,,,,,,,,,,,1,,,-10.5359,-3.84351,-10.4367,-14.2802,2.50307,-4.73823
O=C([O-])[C@@H](F)C(F)(F)F,ZINC000002379686,54,Done,11.17,-10.5337,glide-grid_8F76,,,-10.5337,-2.13743,,,,,,,,,,,,,1,,,-10.5337,-10.4441,-11.2899,-21.734,1.70209,-24.833
O=C([O-])[C@H]1CC[C@H]1F,ZINC000238853977,55,Done,10.37,-10.5329,glide-grid_8F76,,,-10.5329,-1.93606,,,,,,,,,,,,,1,,,-10.5329,-4.05358,-12.0407,-16.0942,0.419626,-11.2012
N#CCCCCCC(=O)[O-],ZINC000005178485,57,Done,41.21,-10.5265,glide-grid_8F76,,,-10.5265,-2.59884,,,,,,,,,,,,,1,,,-10.5265,-1.83955,-13.6283,-15.4679,10.1776,-1.70897
O=C([O-])[C@@H](O)C(F)(F)F,ZINC000005018516,20,Done,19.74,-10.5255,glide-grid_8F76,,,-10.5255,-2.61671,,,,,,,,,,,,,1,,,-10.5255,1.91699,-12.9223,-11.0053,2.94183,-14.1431
O=C([O-])[C@H]1CCCO1,ZINC000004262032,58,Done,13.15,-10.5161,glide-grid_8F76,,,-10.5161,-2.07016,,,,,,,,,,,,,1,,,-10.5161,-9.47425,-13.1694,-22.6436,1.18615,-22.0894
CC[C@@H](F)C(=O)[O-],ZINC000001736842,68,Done,13.42,-10.5144,glide-grid_8F76,,,-10.5144,-2.17088,,,,,,,,,,,,,1,,,-10.5144,-10.0468,-11.6829,-21.7298,3.49821,-24.3015
O=C([O-])[C@@H]1CC1(F)F,ZINC000004290577,35,Done,9.23,-10.5023,glide-grid_8F76,,,-10.5023,-2.13284,,,,,,,,,,,,,1,,,-10.5023,-9.30518,-12.4039,-21.7091,0.264439,-24.9329
O=C([O-])c1[nH]ccc1F,ZINC000307692773,59,Done,9.57,-10.4968,glide-grid_8F76,,,-10.4968,-2.20222,,,,,,,,,,,,,1,,,-10.4968,-5.48882,-12.1843,-17.6731,3.98126,-19.8693
O=C([O-])c1cc(Cl)co1,ZINC000039189309,70,Done,8.36,-10.4915,glide-grid_8F76,,,-10.4915,-2.2182,,,,,,,,,,,,,1,,,-10.4915,1.61354,-11.5014,-9.88784,2.62496,-8.95794
O=C([O-])[C@@H](F)C1COC1,ZINC000257813524,283,Done,19.27,-10.4893,glide-grid_8F76,,,-10.4893,-1.19801,,,,,,,,,,,,,1,,,-10.4893,-6.44906,-11.3418,-17.7908,0,-16.3885
O=C([O-])[C@@H]1CCO1,ZINC000016083111,61,Done,12.56,-10.4872,glide-grid_8F76,,,-10.4872,-2.17847,,,,,,,,,,,,,1,,,-10.4872,-10.1408,-12.1542,-22.2951,0.261896,-28.4832
O=C([O-])[C@H](F)CF,ZINC000034154105,62,Done,10.94,-10.4866,glide-grid_8F76,,,-10.4866,-2.12536,,,,,,,,,,,,,1,,,-10.4866,-9.95741,-11.1488,-21.1062,3.08114,-25.0628
O=C([O-])[C@H]1C[C@@]1(F)Cl,ZINC000016159864,63,Done,10.14,-10.4824,glide-grid_8F76,,,-10.4824,-1.38174,,,,,,,,,,,,,1,,,-10.4824,-7.89289,-10.6817,-18.5745,0.245798,-9.10926
CC(F)(F)[C@H](F)C(=O)[O-],ZINC000116899681,64,Done,12.88,-10.4812,glide-grid_8F76,,,-10.4812,-2.1745,,,,,,,,,,,,,1,,,-10.4812,-8.85833,-12.7164,-21.5747,3.82488,-23.2326
CC[C@H](F)C(=O)[O-],ZINC000002000440,65,Done,10.86,-10.4781,glide-grid_8F76,,,-10.4781,-2.15647,,,,,,,,,,,,,1,,,-10.4781,-10.1685,-11.5514,-21.7199,1.55517,-25.8151
O=C([O-])c1ccns1,ZINC000004344245,66,Done,8.72,-10.478,glide-grid_8F76,,,-10.478,-2.20402,,,,,,,,,,,,,1,,,-10.478,-5.62284,-9.12946,-14.7523,3.27165,-15.6589
C[C@]1(O)C[C@@H](C(=O)[O-])C1,ZINC000101787988,67,Done,17.39,-10.4753,glide-grid_8F76,,,-10.4753,-2.31002,,,,,,,,,,,,,1,,,-10.4753,3.53104,-14.2185,-10.6875,0.501194,-2.0679
O=C([O-])C(O)C(=O)[O-],ZINC000000901335,69,Done,22.42,-10.4711,glide-grid_8F76,,,-10.4711,-2.58369,,,,,,,,,,,,,1,,,-10.4711,-3.27975,-15.3142,-18.594,0.833447,-24.1165
O=C([O-])C[C@@H]1CO1,ZINC000034016738,71,Done,17.4,-10.4658,glide-grid_8F76,,,-10.4658,-2.15973,,,,,,,,,,,,,1,,,-10.4658,-11.1457,-12.3147,-23.4603,1.18399,-26.8171
C#Cc1cc(C(=O)[O-])no1,ZINC000039049419,74,Done,10.02,-10.4577,glide-grid_8F76,,,-10.4577,-2.03972,,,,,,,,,,,,,1,,,-10.4577,-8.94862,-12.2729,-21.2216,3.24509,-19.8727
O=C([O-])C1=COCC1,ZINC000012649694,76,Done,12.48,-10.455,glide-grid_8F76,,,-10.455,-2.19734,,,,,,,,,,,,,1,,,-10.455,-10.4694,-10.5539,-21.0233,0.0317713,-22.4421
O=C([O-])c1ccoc1,ZINC000000158556,108,Done,11.74,-10.4531,glide-grid_8F76,,,-10.4531,-2.05442,,,,,,,,,,,,,1,,,-10.4531,-12.0101,-11.7692,-23.7792,3.11441,-25.0641
O=C([O-])[C@@H]1CCCO1,ZINC000002164321,77,Done,13.15,-10.453,glide-grid_8F76,,,-10.453,-1.89109,,,,,,,,,,,,,1,,,-10.453,-9.03204,-12.9087,-21.9407,0.430523,-21.3563
O=C([O-])c1coc(F)n1,ZINC000044184990,75,Done,6.71,-10.4491,glide-grid_8F76,,,-10.4491,-1.93878,,,,,,,,,,,,,1,,,-10.4491,-10.7429,-11.5522,-22.2951,3.26328,-26.9635
Cc1nc(C(=O)[O-])co1,ZINC000049538689,78,Done,9.79,-10.4488,glide-grid_8F76,,,-10.4488,-2.23749,,,,,,,,,,,,,1,,,-10.4488,-6.98038,-11.8671,-18.8475,2.40707,-10.7559
O=C([O-])[C@H]1[C@H]2C[C@@H]1C2,ZINC000038864218,86,Done,9.09,-10.4443,glide-grid_8F76,,,-10.4443,-2.07004,,,,,,,,,,,,,1,,,-10.4443,-5.22548,-10.726,-15.9515,0.00048115,-13.5705
O=C([O-])CC1CC1,ZINC000002390294,73,Done,18.9,-10.4397,glide-grid_8F76,,,-10.4397,-1.94881,,,,,,,,,,,,,1,,,-10.4397,-10.0269,-9.96114,-19.9881,0.666662,-21.8406
O=C([O-])C1=CCOC1,ZINC000088189720,80,Done,13.06,-10.4393,glide-grid_8F76,,,-10.4393,-2.08325,,,,,,,,,,,,,1,,,-10.4393,-8.21216,-9.8983,-18.1105,0.0471813,-13.396
C[C@H]1C[C@@H]1C(=O)[O-],ZINC000001766071,81,Done,10.05,-10.4356,glide-grid_8F76,,,-10.4356,-2.19317,,,,,,,,,,,,,1,,,-10.4356,-8.27622,-11.5842,-19.8604,0.405302,-25.7785
CC(C)(F)CC(=O)[O-],ZINC000104711881,83,Done,12.25,-10.4333,glide-grid_8F76,,,-10.4333,-2.00969,,,,,,,,,,,,,1,,,-10.4333,-4.09887,-10.6679,-14.7668,0.280719,3.06248
C[C@H]([C@@H](F)C(=O)[O-])C(F)(F)F,ZINC000575471657,87,Done,13.51,-10.4142,glide-grid_8F76,,,-10.4142,-1.81899,,,,,,,,,,,,,1,,,-10.4142,-5.38698,-10.6569,-16.0439,7.64569,-0.652669
O=C([O-])c1cnco1,ZINC000049632635,97,Done,9.41,-10.4133,glide-grid_8F76,,,-10.4133,-2.0353,,,,,,,,,,,,,1,,,-10.4133,-9.10977,-11.3145,-20.4243,3.70241,-25.7675
O=C([O-])C1=CCC1,ZINC000062715001,88,Done,9.66,-10.4084,glide-grid_8F76,,,-10.4084,-1.89143,,,,,,,,,,,,,1,,,-10.4084,-12.1174,-10.9604,-23.0778,4.10188,-28.5067
O=C([O-])[C@H]1O[C@H](O)CS1,ZINC000005480514,90,Done,16.56,-10.4066,glide-grid_8F76,,,-10.4066,-2.03689,,,,,,,,,,,,,1,,,-10.4066,-1.19259,-13.2812,-14.4738,0.880415,-18.5703
C[C@@H](F)C(F)(F)C(=O)[O-],ZINC000104730756,91,Done,13.42,-10.4033,glide-grid_8F76,,,-10.4033,-1.98421,,,,,,,,,,,,,1,,,-10.4033,-2.87362,-10.1974,-13.071,4.91566,-10.3904
O=C1CC[C@H](C(=O)[O-])C1,ZINC000000404130,92,Done,12.53,-10.4027,glide-grid_8F76,,,-10.4027,-2.36791,,,,,,,,,,,,,1,,,-10.4027,-2.04815,-12.1641,-14.2123,1.10444,-0.12822
C[C@H]1O[C@@H]1C(=O)[O-],ZINC000059698773,93,Done,9.53,-10.3974,glide-grid_8F76,,,-10.3974,-2.17467,,,,,,,,,,,,,1,,,-10.3974,-9.66748,-12.3779,-22.0454,0.415327,-26.4512
CC[C@@H](O)C(F)(F)C(=O)[O-],ZINC000052266229,94,Done,20.23,-10.397,glide-grid_8F76,,,-10.397,-2.64197,,,,,,,,,,,,,1,,,-10.397,0.596362,-12.0683,-11.4719,4.8026,-2.00932
O=C([O-])CC(F)(F)F,ZINC000002526262,95,Done,10.65,-10.3952,glide-grid_8F76,,,-10.3952,-2.10688,,,,,,,,,,,,,1,,,-10.3952,-6.75475,-10.1117,-16.8665,0.793575,-20.2354
O=C([O-])[C@H](F)C(F)(F)F,ZINC000012954030,96,Done,10.96,-10.3938,glide-grid_8F76,,,-10.3938,-1.96155,,,,,,,,,,,,,1,,,-10.3938,-10.5071,-10.7535,-21.2606,1.32263,-26.2079
C[C@@H]1O[C@@H]1C(=O)[O-],ZINC000059698774,99,Done,11.02,-10.388,glide-grid_8F76,,,-10.388,-2.17429,,,,,,,,,,,,,1,,,-10.388,-11.8602,-11.6176,-23.4778,0.193151,-27.6004
O=C([O-])[C@H]1C[C@H]1F,ZINC000002540317,82,Done,9.08,-10.3855,glide-grid_8F76,,,-10.3855,-2.08387,,,,,,,,,,,,,1,,,-10.3855,-7.36296,-10.9703,-18.3332,0.215984,-21.975
C[C@H](O)C(=O)[O-],ZINC000004658560,101,Done,11.64,-10.3834,glide-grid_8F76,,,-10.3834,-2.28378,,,,,,,,,,,,,1,,,-10.3834,-10.099,-12.434,-22.533,0.603626,-27.3823
C[N@H+]1CC[C@@H]1C(=O)[O-],ZINC000002033635,98,Done,13.95,-10.3831,glide-grid_8F76,,,-10.3932,-1.76606,,,,,,,,,,,,,1,,,-10.3932,-7.27395,-7.39688,-14.6708,0.900884,-6.80753
C[C@@H](O)[C@@H](F)C(=O)[O-],ZINC000002000450,102,Done,16.56,-10.3818,glide-grid_8F76,,,-10.3818,-0.66654,,,,,,,,,,,,,1,,,-10.3818,-10.2692,-11.6339,-21.9031,5.14724,-22.5153
O=C([O-])[C@@H]1C[C@]1(F)Cl,ZINC000016159866,106,Done,8.62,-10.3722,glide-grid_8F76,,,-10.3722,-1.81382,,,,,,,,,,,,,1,,,-10.3722,-6.86307,-12.2879,-19.151,1.94479,-12.2075
O=C([O-])[C@H]1CC[C@H]1CF,ZINC000082162975,104,Done,12.41,-10.3705,glide-grid_8F76,,,-10.3705,-2.16979,,,,,,,,,,,,,1,,,-10.3705,1.57468,-11.3706,-9.79592,0.224894,-2.6035
O=C([O-])[C@H]1C[C@H](O)C1,ZINC000100077688,105,Done,18.79,-10.3703,glide-grid_8F76,,,-10.3703,-2.09026,,,,,,,,,,,,,1,,,-10.3703,-4.63754,-13.828,-18.4655,0.479521,-19.4635
O=C([O-])[C@H]1C[C@]1(F)Cl,ZINC000002540181,79,Done,10.31,-10.3699,glide-grid_8F76,,,-10.3699,-2.13919,,,,,,,,,,,,,1,,,-10.3699,-6.93602,-11.0008,-17.9368,0.141787,-15.4015
C[C@H](CF)C(=O)[O-],ZINC000104695511,172,Done,11.94,-10.3698,glide-grid_8F76,,,-10.3698,-2.11307,,,,,,,,,,,,,1,,,-10.3698,-8.85072,-10.4147,-19.2654,4.04926,-15.6652
O=C([O-])[C@H]1CC[C@@H](O)C1,ZINC000034478935,107,Done,18.34,-10.3683,glide-grid_8F76,,,-10.3683,-2.47304,,,,,,,,,,,,,1,,,-10.3683,5.09021,-13.4899,-8.39967,0.299213,1.39692
O=C([O-])c1ccon1,ZINC000013483535,109,Done,11.2,-10.3657,glide-grid_8F76,,,-10.3657,-2.04044,,,,,,,,,,,,,1,,,-10.3657,-11.9396,-12.4844,-24.424,3.76541,-28.7621
C=C[C@H](O)C(=O)[O-],ZINC000005157960,110,Done,22.27,-10.3608,glide-grid_8F76,,,-10.3608,-2.21911,,,,,,,,,,,,,1,,,-10.3608,-10.4911,-11.6746,-22.1657,4.82721,-25.4246
O=C([O-])c1coc(Cl)n1,ZINC000038540808,165,Done,7.71,-10.3562,glide-grid_8F76,,,-10.3562,-2.31595,,,,,,,,,,,,,1,,,-10.3562,0.617305,-11.7385,-11.1212,3.2192,-12.9695
O=C[C@@H](O)C(=O)[O-],ZINC000000895513,112,Done,22.36,-10.3549,glide-grid_8F76,,,-10.3549,-1.73115,,,,,,,,,,,,,1,,,-10.3549,-10.365,-11.5733,-21.9383,1.22808,-25.0553
O=C([O-])[C@]12C[C@H]1C2,ZINC000059468082,84,Done,9.2,-10.3544,glide-grid_8F76,,,-10.3544,-2.12724,,,,,,,,,,,,,1,,,-10.3544,-7.62343,-11.0538,-18.6772,0.468861,-21.3122
C[C@H]1[C@@H](C(=O)[O-])C1(F)F,ZINC000068577133,115,Done,10.24,-10.3529,glide-grid_8F76,,,-10.3529,-1.78213,,,,,,,,,,,,,1,,,-10.3529,-2.01631,-12.8712,-14.8875,0.0147357,1.24365
C[C@H](O)C(=O)C(=O)[O-],ZINC000006020021,114,Done,19.34,-10.3526,glide-grid_8F76,,,-10.3526,-1.63964,,,,,,,,,,,,,1,,,-10.3526,-8.15495,-13.5434,-21.6983,3.77001,-21.5684
C#Cc1ccc(C(=O)[O-])o1,ZINC000085385863,116,Done,12.08,-10.3466,glide-grid_8F76,,,-10.3466,-2.17538,,,,,,,,,,,,,1,,,-10.3466,-4.23684,-12.2843,-16.5212,3.5364,-9.35599
CC(F)(F)CC(=O)[O-],ZINC000082088685,117,Done,12.51,-10.3422,glide-grid_8F76,,,-10.3422,-2.18079,,,,,,,,,,,,,1,,,-10.3422,-8.62235,-11.4532,-20.0756,1.57905,-22.9617
O=C([O-])[C@H]1CCO1,ZINC000016083112,120,Done,9.79,-10.3403,glide-grid_8F76,,,-10.3403,-2.08292,,,,,,,,,,,,,1,,,-10.3403,-10.2757,-12.1398,-22.4155,1.12132,-27.0304
O=C([O-])[C@H]1C=CCO1,ZINC000012649722,118,Done,11.86,-10.339,glide-grid_8F76,,,-10.339,-2.06886,,,,,,,,,,,,,1,,,-10.339,-7.34343,-12.5728,-19.9163,0.816279,-12.911
O=C([O-])c1ncco1,ZINC000002527143,85,Done,8.89,-10.3377,glide-grid_8F76,,,-10.3377,-2.16327,,,,,,,,,,,,,1,,,-10.3377,-10.226,-11.7341,-21.9601,3.40739,-25.9908
O=C([O-])[C@@H]1CCNO1,ZINC000033903078,113,Done,13,-10.3375,glide-grid_8F76,,,-10.3529,-2.18471,,,,,,,,,,,,,1,,,-10.3529,-7.77059,-11.4374,-19.208,0.723071,-21.0746
O=C([O-])C1(CF)CC1,ZINC000107114470,119,Done,18.25,-10.3365,glide-grid_8F76,,,-10.3365,-2.10177,,,,,,,,,,,,,1,,,-10.3365,-8.08219,-10.892,-18.9742,5.44558,-16.9216
O=C([O-])[C@H](F)C1COC1,ZINC000257813525,121,Done,18.04,-10.3329,glide-grid_8F76,,,-10.3329,-1.23112,,,,,,,,,,,,,1,,,-10.3329,-6.21903,-10.9163,-17.1353,2.16182,-11.3056
C[C@H](O)[C@@H](F)C(=O)[O-],ZINC000002000449,122,Done,15.79,-10.3329,glide-grid_8F76,,,-10.3329,-1.47358,,,,,,,,,,,,,1,,,-10.3329,-7.53524,-12.669,-20.2043,4.17729,-21.7935
O=C([O-])[C@@H](O)CS,ZINC000000968221,123,Done,28.22,-10.3319,glide-grid_8F76,,,-10.3319,-3.226,,,,,,,,,,,,,1,,,-10.3319,-7.83713,-13.038,-20.8751,2.3808,-22.9956
O=C([O-])[C@H](O)C(F)F,ZINC000034016749,124,Done,23.69,-10.3306,glide-grid_8F76,,,-10.3306,-2.60791,,,,,,,,,,,,,1,,,-10.3306,-8.60256,-11.4516,-20.0542,5.15458,-20.074
O=C([O-])[C@H]1CC1(F)F,ZINC000002527752,126,Done,9.08,-10.3296,glide-grid_8F76,,,-10.3296,-2.16565,,,,,,,,,,,,,1,,,-10.3296,-7.65796,-11.2331,-18.8911,0.234861,-23.1286
O=C([O-])c1ccc[nH]1,ZINC000000158648,125,Done,9.28,-10.3284,glide-grid_8F76,,,-10.3284,-2.22117,,,,,,,,,,,,,1,,,-10.3284,-8.28249,-10.6344,-18.9169,3.24439,-21.5798
O=C[C@H](F)C(=O)[O-],ZINC000034214541,127,Done,9.79,-10.3273,glide-grid_8F76,,,-10.3273,-2.15693,,,,,,,,,,,,,1,,,-10.3273,-11.3371,-12.1569,-23.4941,0.541688,-29.029
O=C([O-])c1ccsn1,ZINC000012958089,132,Done,8.64,-10.3218,glide-grid_8F76,,,-10.3218,-2.15165,,,,,,,,,,,,,1,,,-10.3218,-5.3203,-12.0656,-17.3859,2.91845,-11.1045
O=C([O-])c1c[nH]c(Cl)n1,ZINC000081112905,129,Done,5.95,-10.3207,glide-grid_8F76,,,-10.3207,-2.22688,,,,,,,,,,,,,1,,,-10.3207,-11.6643,-11.9414,-23.6057,3.08847,-25.9086
C[C@@H](O)C(=O)C(=O)[O-],ZINC000006032433,133,Done,18.19,-10.3201,glide-grid_8F76,,,-10.3201,-0.534808,,,,,,,,,,,,,1,,,-10.3201,-6.69116,-13.5978,-20.289,2.07214,-18.702
O=C1CC[C@H](C(=O)[O-])O1,ZINC000004262240,134,Done,16.64,-10.317,glide-grid_8F76,,,-10.317,-0.955928,,,,,,,,,,,,,1,,,-10.317,-5.36254,-12.7429,-18.1055,1.15761,-7.40636
O=C([O-])CC(F)F,ZINC000037755958,135,Done,10.71,-10.3162,glide-grid_8F76,,,-10.3162,-2.13356,,,,,,,,,,,,,1,,,-10.3162,-9.69934,-11.2619,-20.9613,3.512,-24.4698
CC(=O)CC(=O)[O-],ZINC000000895089,137,Done,15.08,-10.3124,glide-grid_8F76,,,-10.3124,-1.13147,,,,,,,,,,,,,1,,,-10.3124,-9.80111,-12.592,-22.3931,0.755381,-27.2829
O=C([O-])[C@@H]1CCOC1,ZINC000004529613,139,Done,13.7,-10.3101,glide-grid_8F76,,,-10.3101,-2.10656,,,,,,,,,,,,,1,,,-10.3101,-8.24314,-10.8865,-19.1297,0.839116,-13.6421
O=C([O-])[C@H]1CC[C@@H](F)C1,ZINC000076573107,138,Done,10.4,-10.3073,glide-grid_8F76,,,-10.3073,-2.08712,,,,,,,,,,,,,1,,,-10.3073,-2.24074,-11.3926,-13.6334,0.208035,-1.09604
O=C([O-])[C@@H](O)CC(F)(F)F,ZINC000036455793,141,Done,19.86,-10.307,glide-grid_8F76,,,-10.307,-2.72916,,,,,,,,,,,,,1,,,-10.307,1.71926,-16.5278,-14.8086,3.57136,-3.41267
O=C1CC(C(=O)[O-])=NN1,ZINC000019702352,111,Done,5.27,-10.3042,glide-grid_8F76,,,-10.3042,-2.06368,,,,,,,,,,,,,1,,,-10.3042,-10.36,-13.148,-23.508,1.46556,-27.3486
C[C@@H]1O[C@H]1C(=O)[O-],ZINC000034621525,143,Done,9.61,-10.2942,glide-grid_8F76,,,-10.2942,-1.89918,,,,,,,,,,,,,1,,,-10.2942,-8.6576,-13.497,-22.1546,0.603381,-23.0459
O=C([O-])[C@@H](O)[C@H](O)C(F)F,ZINC000256050989,144,Done,55.53,-10.2928,glide-grid_8F76,,,-10.2928,-1.00159,,,,,,,,,,,,,1,,,-10.2928,4.85747,-15.5861,-10.7286,10.0627,-9.67479
CCC(=O)C(=O)[O-],ZINC000001532540,146,Done,10.96,-10.2873,glide-grid_8F76,,,-10.2873,-2.14754,,,,,,,,,,,,,1,,,-10.2873,-10.9451,-12.1978,-23.1429,0.3201,-29.8933
CCC(=O)C(=O)[O-],ZINC000024943387,147,Done,10.94,-10.2873,glide-grid_8F76,,,-10.2873,-2.14754,,,,,,,,,,,,,1,,,-10.2873,-10.9451,-12.1978,-23.1429,0.3201,-29.8933
CC(C)[C@H](F)C(=O)[O-],ZINC000002039424,148,Done,13.56,-10.2854,glide-grid_8F76,,,-10.2854,-2.19057,,,,,,,,,,,,,1,,,-10.2854,-8.3416,-12.659,-21.0006,7.20376,-13.0203
Cc1noc(C(=O)[O-])n1,ZINC000028948638,150,Done,8.64,-10.2832,glide-grid_8F76,,,-10.2832,-2.17523,,,,,,,,,,,,,1,,,-10.2832,-7.67322,-11.917,-19.5902,2.59358,-15.0953
O=C([O-])C1=CCCO1,ZINC000071606170,31,Done,9.71,-10.2827,glide-grid_8F76,,,-10.2827,-2.02991,,,,,,,,,,,,,1,,,-10.2827,-12.1415,-8.76845,-20.91,1.73926,-17.7385
CC1(C)O[C@H]1C(=O)[O-],ZINC000001714049,151,Done,10.05,-10.2818,glide-grid_8F76,,,-10.2818,-1.87618,,,,,,,,,,,,,1,,,-10.2818,-7.31357,-9.95721,-17.2708,0.00912588,-14.0194
CC[C@H](C)C(=O)[O-],ZINC000000391203,152,Done,13.12,-10.2762,glide-grid_8F76,,,-10.2762,-2.16311,,,,,,,,,,,,,1,,,-10.2762,-10.2752,-10.8607,-21.1359,4.46973,-19.5082
C=C[C@H](O)CC(=O)[O-],ZINC000005157964,275,Done,34.29,-10.2752,glide-grid_8F76,,,-10.2752,-2.6717,,,,,,,,,,,,,1,,,-10.2752,-6.79145,-12.4553,-19.2468,2.29215,-20.7843
O=C([O-])[C@H]1C[C@@H]1C(F)F,ZINC000104721608,153,Done,12.94,-10.2747,glide-grid_8F76,,,-10.2747,-2.16076,,,,,,,,,,,,,1,,,-10.2747,-8.19308,-11.8514,-20.0445,0.923175,-24.1991
C[C@@H]1CC[C@@H]1C(=O)[O-],ZINC000039424471,154,Done,11.84,-10.2728,glide-grid_8F76,,,-10.2728,-2.17509,,,,,,,,,,,,,1,,,-10.2728,-6.71615,-10.6743,-17.3904,0.720969,-5.96342
O=C([O-])C1CC1,ZINC000001587860,157,Done,10.85,-10.2692,glide-grid_8F76,,,-10.2692,-2.14782,,,,,,,,,,,,,1,,,-10.2692,-8.66826,-11.3236,-19.9918,0.319411,-22.4471
O=C([O-])[C@@H](O)CCO,ZINC000002559503,188,Done,37.33,-10.2691,glide-grid_8F76,,,-10.2691,-3.07263,,,,,,,,,,,,,1,,,-10.2691,-2.29154,-12.8197,-15.1113,3.78334,-17.6296
O=C([O-])c1ccno1,ZINC000002530966,160,Done,8.97,-10.2682,glide-grid_8F76,,,-10.2682,-2.05266,,,,,,,,,,,,,1,,,-10.2682,-10.8614,-12.1479,-23.0093,0.000759391,-29.5041
O=C([O-])[C@H]1CC1(Cl)Cl,ZINC000001774498,155,Done,8.49,-10.267,glide-grid_8F76,,,-10.267,-1.84136,,,,,,,,,,,,,1,,,-10.267,-8.40514,-10.4232,-18.8283,0.302047,-6.79083
O=C([O-])C1OCCO1,ZINC000005600049,140,Done,13.11,-10.266,glide-grid_8F76,,,-10.266,-2.13106,,,,,,,,,,,,,1,,,-10.266,-11.9601,-13.0572,-25.0173,0.104447,-26.4126
C[C@@H](O)CC(=O)[O-],ZINC000000895486,166,Done,17.06,-10.266,glide-grid_8F76,,,-10.266,-2.56579,,,,,,,,,,,,,1,,,-10.266,-10.3308,-11.1801,-21.5108,0,-23.737
O=C([O-])[C@@H]1C[C@H]1F,ZINC000034268625,161,Done,8.94,-10.2648,glide-grid_8F76,,,-10.2648,-1.95775,,,,,,,,,,,,,1,,,-10.2648,-8.46177,-11.4827,-19.9444,0.33672,-24.1363
O=C([O-])C[C@@H]1CC1(F)F,ZINC000034301710,162,Done,18.38,-10.2648,glide-grid_8F76,,,-10.2648,-1.88718,,,,,,,,,,,,,1,,,-10.2648,-7.20239,-10.3902,-17.5926,0.731103,-15.817
C[C@H](CC#N)C(=O)[O-],ZINC000049804382,163,Done,11.84,-10.2624,glide-grid_8F76,,,-10.2624,-1.64987,,,,,,,,,,,,,1,,,-10.2624,-2.92219,-10.2208,-13.143,0.749025,-16.8004
O=C([O-])c1sccc1F,ZINC000000334390,145,Done,9.2,-10.262,glide-grid_8F76,,,-10.262,-2.3303,,,,,,,,,,,,,1,,,-10.262,7.16027,-12.7152,-5.55496,2.33087,0.418825
O=C([O-])c1coc(Br)c1,ZINC000008700555,169,Done,7.6,-10.2602,glide-grid_8F76,,,-10.2602,-2.26675,,,,,,,,,,,,,1,,,-10.2602,7.3598,-10.9165,-3.55669,2.67026,-4.28113
N#CCCCC(=O)[O-],ZINC000002007528,164,Done,21.67,-10.2594,glide-grid_8F76,,,-10.2594,-2.7545,,,,,,,,,,,,,1,,,-10.2594,-3.72642,-13.1332,-16.8596,3.94091,-15.2654
C=C1C[C@@H]1C(=O)[O-],ZINC000026544723,168,Done,9.67,-10.255,glide-grid_8F76,,,-10.255,-2.10828,,,,,,,,,,,,,1,,,-10.255,-5.83399,-11.9376,-17.7716,0.0255921,-14.8571
O=C([O-])CC1COC1,ZINC000072267133,273,Done,18.07,-10.2518,glide-grid_8F76,,,-10.2518,-1.18475,,,,,,,,,,,,,1,,,-10.2518,-3.35475,-10.3699,-13.7246,2.55227,-9.26545
O=C([O-])CCS,ZINC000003860582,170,Done,22,-10.2472,glide-grid_8F76,,,-10.2472,-2.45847,,,,,,,,,,,,,1,,,-10.2472,-7.78457,-11.7472,-19.5318,2.6386,-17.9139
N#C[C@H]1C[C@@H]1C(=O)[O-],ZINC000118355465,171,Done,10.74,-10.2452,glide-grid_8F76,,,-10.2452,-2.16218,,,,,,,,,,,,,1,,,-10.2452,-4.61564,-11.8245,-16.4402,0.449771,-19.7238
O=C([O-])c1ccc(Cl)o1,ZINC000000400042,142,Done,10.78,-10.2424,glide-grid_8F76,,,-10.2424,-2.3415,,,,,,,,,,,,,1,,,-10.2424,7.58461,-11.3493,-3.76473,4.02285,-2.08525
O=C([O-])c1cc(Cl)on1,ZINC000045928990,174,Done,7.62,-10.2404,glide-grid_8F76,,,-10.2404,-2.16054,,,,,,,,,,,,,1,,,-10.2404,0.469344,-11.5877,-11.1184,3.06138,-13.6532
O=C([O-])C1(F)CC1,ZINC000033961344,175,Done,9.14,-10.2378,glide-grid_8F76,,,-10.2378,-1.97184,,,,,,,,,,,,,1,,,-10.2378,-5.19387,-11.4506,-16.6445,0.0247563,-18.944
N[C@H](C(=O)[O-])C(F)(F)F,ZINC000002242761,128,Done,12.21,-10.2357,glide-grid_8F76,,,-10.327,-2.14953,,,,,,,,,,,,,1,,,-10.327,-3.67216,-10.6741,-14.3462,1.26588,-10.0714
O=C([O-])CC(F)(F)C(F)F,ZINC000020518660,178,Done,16.19,-10.2328,glide-grid_8F76,,,-10.2328,-2.16629,,,,,,,,,,,,,1,,,-10.2328,-6.55928,-11.1779,-17.7372,1.91703,-19.809
O=C([O-])CCF,ZINC000002040576,179,Done,10.94,-10.2324,glide-grid_8F76,,,-10.2324,-2.17728,,,,,,,,,,,,,1,,,-10.2324,-9.62318,-10.594,-20.2172,0.718477,-24.7052
O=C([O-])C1=CCCOC1,ZINC000034354022,180,Done,12.34,-10.2319,glide-grid_8F76,,,-10.2319,-1.90485,,,,,,,,,,,,,1,,,-10.2319,2.64615,-10.085,-7.43884,0.63378,7.05177
O=C1C=C[C@H](C(=O)[O-])O1,ZINC000101801596,182,Done,13.28,-10.2315,glide-grid_8F76,,,-10.2315,-0.50463,,,,,,,,,,,,,1,,,-10.2315,-4.31967,-12.31,-16.6296,0.39848,-5.81067
O=C1C=C[C@H](C(=O)[O-])O1,ZINC000101801600,183,Done,13.28,-10.2315,glide-grid_8F76,,,-10.2315,-0.50463,,,,,,,,,,,,,1,,,-10.2315,-4.31967,-12.31,-16.6296,0.39848,-5.81067
O=C([O-])c1ncon1,ZINC000020357828,214,Done,8.18,-10.2312,glide-grid_8F76,,,-10.2312,-2.20806,,,,,,,,,,,,,1,,,-10.2312,-13.4822,-12.8137,-26.2959,3.69628,-30.8
C[C@@H]1C[C@@H]1C(=O)[O-],ZINC000001766073,177,Done,10.11,-10.2308,glide-grid_8F76,,,-10.2308,-2.00044,,,,,,,,,,,,,1,,,-10.2308,-8.7314,-10.6463,-19.3777,0.149512,-21.4898
O=C([O-])c1cc(F)[nH]n1,ZINC000307076819,184,Done,6.83,-10.2308,glide-grid_8F76,,,-10.2308,-2.0367,,,,,,,,,,,,,1,,,-10.2308,-10.7854,-12.098,-22.8835,3.19602,-27.3058
Cc1nc(C(=O)[O-])no1,ZINC000020357823,167,Done,8.72,-10.2301,glide-grid_8F76,,,-10.2301,-2.08776,,,,,,,,,,,,,1,,,-10.2301,-8.97732,-12.5621,-21.5394,2.19406,-19.8722
O=C([O-])c1cnsc1,ZINC000013534103,185,Done,7.13,-10.2292,glide-grid_8F76,,,-10.2292,-2.11742,,,,,,,,,,,,,1,,,-10.2292,-7.12586,-10.9911,-18.1169,3.2577,-18.5903
O=C([O-])[C@@H](F)CO,ZINC000038522511,186,Done,14.98,-10.2263,glide-grid_8F76,,,-10.2263,-1.25122,,,,,,,,,,,,,1,,,-10.2263,-10.6274,-12.2261,-22.8535,1.33583,-26.4591
O=C([O-])C1C=CC=C1,ZINC000005133143,187,Done,10.06,-10.2244,glide-grid_8F76,,,-10.2244,-2.07543,,,,,,,,,,,,,1,,,-10.2244,-5.18752,-11.6767,-16.8642,0.0659805,-12.319
O=C([O-])C1=NSCC1=O,ZINC000039065762,198,Done,5.03,-10.2231,glide-grid_8F76,,,-10.2231,-2.24842,,,,,,,,,,,,,1,,,-10.2231,-3.26292,-13.3974,-16.6604,4.8868,-0.388426
O=C([O-])[C@H]1CCNO1,ZINC000033903079,176,Done,13.14,-10.2223,glide-grid_8F76,,,-10.2377,-2.06973,,,,,,,,,,,,,1,,,-10.2377,-10.7547,-12.5761,-23.3309,0.731881,-19.8495
CC[C@H](S)C(=O)[O-],ZINC000035803364,190,Done,19.23,-10.2205,glide-grid_8F76,,,-10.2205,-2.21769,,,,,,,,,,,,,1,,,-10.2205,-6.35606,-11.0908,-17.4468,0.412225,-15.6136
CC(F)(F)[C@@H](F)C(=O)[O-],ZINC000116899678,191,Done,12.39,-10.2201,glide-grid_8F76,,,-10.2201,-1.96405,,,,,,,,,,,,,1,,,-10.2201,-8.5577,-11.1257,-19.6834,2.17702,-20.5889
CCC[C@H](F)C(=O)[O-],ZINC000005837497,192,Done,14.88,-10.218,glide-grid_8F76,,,-10.218,-2.05472,,,,,,,,,,,,,1,,,-10.218,-7.07753,-11.6257,-18.7033,8.97524,-16.5664
O=C([O-])C(=O)C(=O)[O-],ZINC000001532759,193,Done,7.46,-10.2178,glide-grid_8F76,,,-10.2178,-2.20146,,,,,,,,,,,,,1,,,-10.2178,-9.16901,-13.2577,-22.4267,0.839983,-29.0806
O=C([O-])c1n[nH]cc1F,ZINC000095870698,194,Done,9.1,-10.2175,glide-grid_8F76,,,-10.2175,-2.15627,,,,,,,,,,,,,1,,,-10.2175,-8.18634,-12.6335,-20.8199,3.43814,-24.6496
O=C([O-])[C@@H]1CC=CCO1,ZINC000034235951,196,Done,12.36,-10.2162,glide-grid_8F76,,,-10.2162,-1.89786,,,,,,,,,,,,,1,,,-10.2162,3.24524,-12.5758,-9.33053,0.235612,6.603
O=C([O-])[C@@H]1CCCS1,ZINC000000900767,195,Done,12.8,-10.2161,glide-grid_8F76,,,-10.2161,-2.16044,,,,,,,,,,,,,1,,,-10.2161,-0.804607,-12.5021,-13.3067,0.763989,-3.07973
O=C([O-])C[C@@H]1CCO1,ZINC000076570708,197,Done,16.86,-10.2156,glide-grid_8F76,,,-10.2156,-2.11778,,,,,,,,,,,,,1,,,-10.2156,-3.43434,-11.3824,-14.8168,1.76254,-11.2625
O=C([O-])c1cc[nH]c1,ZINC000002570110,149,Done,9.32,-10.2145,glide-grid_8F76,,,-10.2252,-1.95676,,,,,,,,,,,,,1,,,-10.2252,-10.1673,-11.0462,-21.2135,3.12504,-22.8448
O=C([O-])C1=CCCC1,ZINC000001677125,200,Done,9.74,-10.2065,glide-grid_8F76,,,-10.2065,-2.0737,,,,,,,,,,,,,1,,,-10.2065,-9.3523,-8.63188,-17.9842,0.172262,-2.17174
CC(C)C(F)(F)C(=O)[O-],ZINC000031829503,201,Done,13.75,-10.2045,glide-grid_8F76,,,-10.2045,-1.85434,,,,,,,,,,,,,1,,,-10.2045,-5.29488,-9.56358,-14.8585,9.71322,0.967413
O=C([O-])[C@H]1CNC1=O,ZINC000106843862,202,Done,7.36,-10.2044,glide-grid_8F76,,,-10.2044,-2.15363,,,,,,,,,,,,,1,,,-10.2044,-2.02088,-13.8961,-15.917,0.646787,-19.6728
C#C[C@@H]1C[C@H]1C(=O)[O-],ZINC000039244970,203,Done,11.99,-10.2039,glide-grid_8F76,,,-10.2039,-1.44398,,,,,,,,,,,,,1,,,-10.2039,-8.01646,-10.5062,-18.5226,0.711282,-10.548
O=C([O-])[C@@H]1CCC[C@H]1O,ZINC000032219641,204,Done,17.69,-10.2038,glide-grid_8F76,,,-10.2038,-2.63543,,,,,,,,,,,,,1,,,-10.2038,5.47702,-12.2225,-6.74548,0.0841715,5.33485
O=C([O-])C(F)(F)C(F)(F)C(F)F,ZINC000002096147,344,Done,17.9,-10.2027,glide-grid_8F76,,,-10.2027,-1.84003,,,,,,,,,,,,,1,,,-10.2027,-2.26594,-11.6399,-13.9058,10.7803,-5.99531
O=C([O-])[C@@H]1C=CCC1,ZINC000005134421,205,Done,12.68,-10.2023,glide-grid_8F76,,,-10.2023,-1.91112,,,,,,,,,,,,,1,,,-10.2023,-2.82673,-11.6856,-14.5123,1.18145,-6.51872
O=C([O-])c1ncccc1F,ZINC000002598969,368,Done,9.06,-10.2012,glide-grid_8F76,,,-10.2012,-2.26268,,,,,,,,,,,,,1,,,-10.2012,9.49008,-13.5081,-4.01801,2.09514,8.27521
O=C([O-])[C@@H]1C[C@]1(F)Br,ZINC000137237026,206,Done,10.55,-10.201,glide-grid_8F76,,,-10.201,-2.11902,,,,,,,,,,,,,1,,,-10.201,-4.03688,-12.4828,-16.5196,2.93723,-6.85261
CO[C@H](F)C(=O)[O-],ZINC000086241645,207,Done,11.23,-10.1979,glide-grid_8F76,,,-10.1979,-2.13819,,,,,,,,,,,,,1,,,-10.1979,-10.9854,-11.7951,-22.7804,1.91891,-27.1091
Cn1ccc(C(=O)[O-])c1,ZINC000034327586,199,Done,9.4,-10.1972,glide-grid_8F76,,,-10.2092,-2.24029,,,,,,,,,,,,,1,,,-10.2092,-2.78863,-11.2582,-14.0469,2.55109,-9.00232
C[C@H]1C[C@H](C(=O)[O-])C1,ZINC000100060804,208,Done,12.08,-10.1969,glide-grid_8F76,,,-10.1969,-1.9453,,,,,,,,,,,,,1,,,-10.1969,-7.49132,-11.8235,-19.3148,0.594449,-16.4075
O=C([O-])[C@H]1C[C@H]1C(F)F,ZINC000104721613,189,Done,12.4,-10.1923,glide-grid_8F76,,,-10.1923,-2.1141,,,,,,,,,,,,,1,,,-10.1923,-5.21244,-12.8269,-18.0394,0.302586,-20.8478
O=C([O-])[C@@H]1COCCO1,ZINC000020446293,211,Done,12.49,-10.1916,glide-grid_8F76,,,-10.1916,-1.8983,,,,,,,,,,,,,1,,,-10.1916,-1.95421,-12.4604,-14.4146,0.222179,-6.47783
CC[C@@H](O)CC(=O)[O-],ZINC000004975461,212,Done,24.31,-10.1885,glide-grid_8F76,,,-10.1885,-2.32019,,,,,,,,,,,,,1,,,-10.1885,2.25418,-12.3291,-10.0749,5.71802,-11.4416
C[C@]1(O)C[C@H](C(=O)[O-])C1,ZINC000103536474,213,Done,19.89,-10.1869,glide-grid_8F76,,,-10.1869,-2.13058,,,,,,,,,,,,,1,,,-10.1869,-3.54135,-12.7177,-16.2591,0.635736,-11.4944
O=C([O-])c1cccs1,ZINC000000157468,215,Done,8.67,-10.1838,glide-grid_8F76,,,-10.1838,-2.18435,,,,,,,,,,,,,1,,,-10.1838,-4.18957,-12.2515,-16.441,1.6977,-13.0499
CC(C)[C@@H](F)C(=O)[O-],ZINC000001736843,216,Done,13.5,-10.1813,glide-grid_8F76,,,-10.1813,-2.15359,,,,,,,,,,,,,1,,,-10.1813,-8.78483,-10.676,-19.4608,7.47189,-16.9923
O=C([O-])C(F)(F)C(F)(F)Cl,ZINC000004015773,219,Done,10.81,-10.1775,glide-grid_8F76,,,-10.1775,-2.11089,,,,,,,,,,,,,1,,,-10.1775,-3.96496,-10.5497,-14.5147,1.25233,-12.1936
CCC(F)(F)[C@H](F)C(=O)[O-],ZINC000116895814,221,Done,14.71,-10.1772,glide-grid_8F76,,,-10.1772,-2.01224,,,,,,,,,,,,,1,,,-10.1772,-2.88487,-11.7039,-14.5888,3.93866,-6.18679
C[C@@H]1CC[C@H]1C(=O)[O-],ZINC000039424472,222,Done,12.68,-10.177,glide-grid_8F76,,,-10.177,-2.08176,,,,,,,,,,,,,1,,,-10.177,-0.813742,-12.1533,-12.9671,0.591659,-8.2205
O=C([O-])c1cc(F)n[nH]1,ZINC000307076819,1,Done,7.09,-10.1751,glide-grid_8F76,,,-10.1751,-2.05442,,,,,,,,,,,,,1,,,-10.1751,-10.5938,-11.3534,-21.9472,3.92822,-25.5199
CC[S@@](=O)CC(=O)[O-],ZINC000019092569,224,Done,16.81,-10.1698,glide-grid_8F76,,,-10.1698,-0.35,,,,,,,,,,,,,1,,,-10.1698,-1.60959,-14.047,-15.6566,1.95835,-9.02252
O=C([O-])[C@@H](O)C[N+](=O)[O-],ZINC000004180493,225,Done,26.83,-10.1697,glide-grid_8F76,,,-10.1697,-2.05302,,,,,,,,,,,,,1,,,-10.1697,-4.98994,-15.0923,-20.0823,2.67523,-17.2884
CO[C@H](CC#N)C(=O)[O-],ZINC000104717647,226,Done,15.31,-10.1684,glide-grid_8F76,,,-10.1684,-2.17018,,,,,,,,,,,,,1,,,-10.1684,-3.19792,-11.388,-14.5859,4.74317,-17.736
O=C([O-])C1CC=CC1,ZINC000000396187,227,Done,10.55,-10.1677,glide-grid_8F76,,,-10.1677,-2.10956,,,,,,,,,,,,,1,,,-10.1677,-2.03115,-11.7843,-13.8154,1.72589,-9.20167
O=C([O-])c1cocn1,ZINC000012471803,228,Done,8.66,-10.1644,glide-grid_8F76,,,-10.1644,-1.88217,,,,,,,,,,,,,1,,,-10.1644,-11.9974,-11.7982,-23.7956,2.62774,-28.1096
O=C([O-])C(=O)C(F)(F)F,ZINC000002525296,230,Done,10.42,-10.1573,glide-grid_8F76,,,-10.1573,-2.57482,,,,,,,,,,,,,1,,,-10.1573,-4.69153,-11.4765,-16.168,1.26807,-21.1266
O=C([O-])[C@H](O)CF,ZINC000033505626,231,Done,21.21,-10.1564,glide-grid_8F76,,,-10.1564,-2.33789,,,,,,,,,,,,,1,,,-10.1564,-8.52031,-11.3061,-19.8264,2.6628,-21.9536
C[C@@H](CF)C(=O)[O-],ZINC000104695508,232,Done,10.46,-10.1557,glide-grid_8F76,,,-10.1557,-2.17399,,,,,,,,,,,,,1,,,-10.1557,-7.48071,-10.4474,-17.9281,3.27541,-21.24
O=C([O-])[C@@H](F)CC(F)(F)F,ZINC000138109024,217,Done,13.4,-10.1531,glide-grid_8F76,,,-10.1531,-2.10531,,,,,,,,,,,,,1,,,-10.1531,-6.07971,-11.5665,-17.6462,1.83099,-21.9334
O=C([O-])c1cc(Cl)c[nH]1,ZINC000004218350,233,Done,8.32,-10.1516,glide-grid_8F76,,,-10.1516,-2.34085,,,,,,,,,,,,,1,,,-10.1516,6.01545,-9.96241,-3.94696,3.86582,-3.51792
O=C([O-])[C@@H]1CC[C@@H](F)C1,ZINC000076573094,256,Done,11,-10.151,glide-grid_8F76,,,-10.151,-1.89778,,,,,,,,,,,,,1,,,-10.151,-2.53493,-10.7877,-13.3226,0.499554,0.913155
O=C([O-])c1cc(Br)co1,ZINC000039189354,245,Done,8.42,-10.1508,glide-grid_8F76,,,-10.1508,-2.07706,,,,,,,,,,,,,1,,,-10.1508,10.4837,-11.2875,-0.803768,2.69178,-0.112837
C[C@@H]1[C@H](C)[C@H]1C(=O)[O-],ZINC000104696992,263,Done,11.22,-10.1466,glide-grid_8F76,,,-10.1466,-2.05772,,,,,,,,,,,,,1,,,-10.1466,1.89474,-12.3804,-10.4857,0.458497,2.65912
Cc1cc(C(=O)[O-])c[nH]1,ZINC000026897380,229,Done,9.41,-10.1447,glide-grid_8F76,,,-10.1575,-2.19834,,,,,,,,,,,,,1,,,-10.1575,-4.96583,-10.543,-15.5089,1.76822,-5.92897
CC(C)CC(=O)[O-],ZINC000000388188,253,Done,13.45,-10.1442,glide-grid_8F76,,,-10.1442,-2.09393,,,,,,,,,,,,,1,,,-10.1442,1.69533,-10.6302,-8.93482,3.52668,-11.4974
O=C([O-])c1ncc[nH]1,ZINC000000967355,220,Done,8.12,-10.1393,glide-grid_8F76,,,-10.1775,-2.03953,,,,,,,,,,,,,1,,,-10.1775,-9.8546,-10.9977,-20.8523,2.71278,-22.144
CCCC(=O)[O-],ZINC000000895132,236,Done,10.43,-10.1381,glide-grid_8F76,,,-10.1381,-2.13797,,,,,,,,,,,,,1,,,-10.1381,-10.0754,-10.6237,-20.6991,0.657046,-24.993
C#C[C@H](O)C(=O)[O-],ZINC000005112422,237,Done,25.36,-10.1356,glide-grid_8F76,,,-10.1356,-2.65316,,,,,,,,,,,,,1,,,-10.1356,-10.0542,-12.0688,-22.123,0.0315524,-26.6559
O=C([O-])[C@@H]1C[C@@H]1F,ZINC000033961345,100,Done,9.02,-10.133,glide-grid_8F76,,,-10.133,-2.01039,,,,,,,,,,,,,1,,,-10.133,-6.25897,-10.8206,-17.0795,0.329337,-21.9225
O=C([O-])[C@@H]1CC[C@H]1O,ZINC000076570694,239,Done,14.66,-10.1329,glide-grid_8F76,,,-10.1329,-2.22692,,,,,,,,,,,,,1,,,-10.1329,-3.63454,-11.6013,-15.2358,1.62551,-16.6043
O=C([O-])C=C1CC1,ZINC000021997971,247,Done,9.38,-10.1281,glide-grid_8F76,,,-10.1281,-1.68129,,,,,,,,,,,,,1,,,-10.1281,-9.49505,-9.89723,-19.3923,0.0174595,-19.0966
C/C(Cl)=C\C(=O)[O-],ZINC000004915175,244,Done,8.36,-10.1267,glide-grid_8F76,,,-10.1267,-2.12334,,,,,,,,,,,,,1,,,-10.1267,-11.424,-9.17794,-20.6019,0.0674841,-17.8406
O=C([O-])c1coc(Cl)c1,ZINC000040433851,261,Done,7.42,-10.1262,glide-grid_8F76,,,-10.1262,-1.88068,,,,,,,,,,,,,1,,,-10.1262,-0.156629,-10.9082,-11.0648,3.31906,-10.7604
O=C([O-])c1ccnnc1,ZINC000000154089,246,Done,11.82,-10.1244,glide-grid_8F76,,,-10.1244,-1.94775,,,,,,,,,,,,,1,,,-10.1244,0.32169,-10.6302,-10.3085,2.62882,-1.93429
CO[C@@H](F)C(=O)[O-],ZINC000086241646,248,Done,12.34,-10.122,glide-grid_8F76,,,-10.122,-3.06698,,,,,,,,,,,,,1,,,-10.122,-8.1899,-12.3336,-20.5235,0.11703,-22.6423
O=C([O-])C(=O)CO,ZINC000001532558,249,Done,14.24,-10.1212,glide-grid_8F76,,,-10.1212,-1.63136,,,,,,,,,,,,,1,,,-10.1212,-11.5767,-11.5845,-23.1612,2.59613,-26.5623
O=C([O-])c1ccc(Cl)s1,ZINC000000125451,250,Done,7.62,-10.1191,glide-grid_8F76,,,-10.1191,-2.20441,,,,,,,,,,,,,1,,,-10.1191,8.67021,-12.1728,-3.50264,1.98962,4.27589
O=C[C@@H](F)C(=O)[O-],ZINC000034214542,254,Done,12.02,-10.1158,glide-grid_8F76,,,-10.1158,-1.17853,,,,,,,,,,,,,1,,,-10.1158,-11.3764,-11.4032,-22.7796,1.05352,-27.7202
O=C([O-])c1cc[nH]n1,ZINC000005324338,251,Done,9.08,-10.1122,glide-grid_8F76,,,-10.1122,-2.04374,,,,,,,,,,,,,1,,,-10.1122,-10.9521,-12.1379,-23.09,4.07036,-26.3638
O=C([O-])c1cc[nH]n1,ZINC000067172155,252,Done,9.05,-10.1122,glide-grid_8F76,,,-10.1122,-2.04374,,,,,,,,,,,,,1,,,-10.1122,-10.9521,-12.1379,-23.09,4.07036,-26.3638
O=C([O-])C(F)(F)C1CC1,ZINC000107268248,257,Done,17.58,-10.108,glide-grid_8F76,,,-10.108,-1.76138,,,,,,,,,,,,,1,,,-10.108,-4.1415,-9.71083,-13.8523,1.21137,-11.4706
O=C([O-])c1nc[nH]n1,ZINC000004017405,260,Done,6.75,-10.1069,glide-grid_8F76,,,-10.1069,-2.20642,,,,,,,,,,,,,1,,,-10.1069,-11.6848,-12.4413,-24.1261,2.49493,-29.4582
O=C([O-])CO,ZINC000004658557,258,Done,10.92,-10.1049,glide-grid_8F76,,,-10.1049,-1.9015,,,,,,,,,,,,,1,,,-10.1049,-9.27444,-11.6716,-20.9461,0.0832047,-25.1175
C[C@H](C(=O)[O-])C(C)(F)F,ZINC000238856015,262,Done,12.53,-10.1032,glide-grid_8F76,,,-10.1032,-2.12808,,,,,,,,,,,,,1,,,-10.1032,-5.70901,-10.9548,-16.6638,1.97039,-12.3602
Nn1ccc(C(=O)[O-])c1,ZINC000096508948,255,Done,7.11,-10.1024,glide-grid_8F76,,,-10.1131,-2.21635,,,,,,,,,,,,,1,,,-10.1131,-2.167,-12.6642,-14.8312,2.49586,-10.6131
CCC(F)(F)[C@@H](F)C(=O)[O-],ZINC000116895812,265,Done,14.94,-10.0986,glide-grid_8F76,,,-10.0986,-1.92531,,,,,,,,,,,,,1,,,-10.0986,-2.83408,-10.9912,-13.8252,3.41914,-11.9849
O=C([O-])C1=COCCO1,ZINC000003884641,267,Done,11.91,-10.0945,glide-grid_8F76,,,-10.0945,-2.154,,,,,,,,,,,,,1,,,-10.0945,-3.25952,-10.2891,-13.5486,0.273324,-8.95536
C#C[C@H]1C[C@@H]1C(=O)[O-],ZINC000039244969,268,Done,11.09,-10.0916,glide-grid_8F76,,,-10.0916,-2.16421,,,,,,,,,,,,,1,,,-10.0916,-10.1634,-11.5052,-21.6687,0.594396,-27.0247
O=C([O-])C(F)(F)C1COC1,ZINC000258625573,270,Done,19.61,-10.0867,glide-grid_8F76,,,-10.0867,-0.5446,,,,,,,,,,,,,1,,,-10.0867,4.12841,-10.4027,-6.27429,13.7191,10.8565
N#CCCC(=O)[O-],ZINC000001632614,271,Done,11.45,-10.0855,glide-grid_8F76,,,-10.0855,-1.85288,,,,,,,,,,,,,1,,,-10.0855,-6.19907,-11.4781,-17.6772,1.7383,-20.0211
O=C([O-])C[C@H]1CO1,ZINC000033961358,272,Done,22.82,-10.0841,glide-grid_8F76,,,-10.0841,-1.14718,,,,,,,,,,,,,1,,,-10.0841,-9.65078,-11.8531,-21.5038,0.207593,-25.5001
C#Cc1ccc(C(=O)[O-])s1,ZINC000036533225,266,Done,13.24,-10.0828,glide-grid_8F76,,,-10.0828,-1.92419,,,,,,,,,,,,,1,,,-10.0828,-0.700276,-12.5678,-13.268,2.03229,0.147635
O=C([O-])[C@@H]1CCC=CO1,ZINC000004900353,274,Done,11.88,-10.0786,glide-grid_8F76,,,-10.0786,-2.12172,,,,,,,,,,,,,1,,,-10.0786,2.31767,-10.8971,-8.57942,0.325609,9.20623
O=C([O-])c1ncno1,ZINC000002548446,277,Done,8.05,-10.0758,glide-grid_8F76,,,-10.0758,-2.18729,,,,,,,,,,,,,1,,,-10.0758,-11.8963,-12.4341,-24.3305,2.99743,-29.7707
O=C([O-])C(F)C(=O)[O-],ZINC000019616177,278,Done,11.45,-10.0728,glide-grid_8F76,,,-10.0728,-2.13133,,,,,,,,,,,,,1,,,-10.0728,-10.0039,-13.6623,-23.6662,1.00693,-28.5714
Nc1cc(C(=O)[O-])on1,ZINC000082411259,276,Done,7.71,-10.0708,glide-grid_8F76,,,-10.0708,-2.04075,,,,,,,,,,,,,1,,,-10.0708,-6.40841,-12.383,-18.7914,0.0103766,-23.6655
C[C@H](S)C(=O)[O-],ZINC000003860781,279,Done,11.89,-10.0707,glide-grid_8F76,,,-10.0707,-2.20247,,,,,,,,,,,,,1,,,-10.0707,-8.2444,-10.925,-19.1694,1.14684,-19.7868
CC(C(=O)[O-])C(=O)[O-],ZINC000000901289,269,Done,21.12,-10.0704,glide-grid_8F76,,,-10.0911,-2.14095,,,,,,,,,,,,,1,,,-10.0911,-0.915216,-14.415,-15.3302,4.69975,-17.8531
CC[C@@H]1C[C@@H]1C(=O)[O-],ZINC000039348500,284,Done,13.52,-10.0698,glide-grid_8F76,,,-10.0698,-2.10025,,,,,,,,,,,,,1,,,-10.0698,-5.92965,-10.5484,-16.4781,1.01353,-6.84932
C[C@H](O)C(F)(F)C(=O)[O-],ZINC000052266220,280,Done,15.43,-10.0672,glide-grid_8F76,,,-10.0672,-1.67408,,,,,,,,,,,,,1,,,-10.0672,-2.16722,-12.5376,-14.7048,4.18534,-10.8966
C[C@@H](S)CC(=O)[O-],ZINC000005652372,295,Done,16.15,-10.0627,glide-grid_8F76,,,-10.0627,-2.28797,,,,,,,,,,,,,1,,,-10.0627,-7.36648,-10.7735,-18.14,2.34005,-14.7573
Cc1cocc1C(=O)[O-],ZINC000034363956,281,Done,11.97,-10.0604,glide-grid_8F76,,,-10.0604,-1.9157,,,,,,,,,,,,,1,,,-10.0604,-3.68349,-12.0393,-15.7228,0,-6.73194
C[C@@H](O)C(=O)[O-],ZINC000004658562,282,Done,10.94,-10.0601,glide-grid_8F76,,,-10.0601,-1.28612,,,,,,,,,,,,,1,,,-10.0601,-8.94884,-11.8768,-20.8257,0.120661,-24.5876
O=CCC(=O)[O-],ZINC000000895126,285,Done,10.24,-10.0584,glide-grid_8F76,,,-10.0584,-1.1633,,,,,,,,,,,,,1,,,-10.0584,-11.654,-11.1223,-22.7763,0.654375,-28.1714
NC(=O)CC(=O)[O-],ZINC000000901948,286,Done,10.71,-10.058,glide-grid_8F76,,,-10.058,-2.12322,,,,,,,,,,,,,1,,,-10.058,-14.368,-10.7332,-25.1012,0.889595,-30.7828
O=C([O-])[C@H](F)CC(F)(F)F,ZINC000138109138,287,Done,13.77,-10.0562,glide-grid_8F76,,,-10.0562,-2.12508,,,,,,,,,,,,,1,,,-10.0562,-4.23461,-13.2503,-17.4849,5.03636,-17.8538
O=C([O-])C(CF)CF,ZINC000115070774,289,Done,21.62,-10.0475,glide-grid_8F76,,,-10.0475,-2.173,,,,,,,,,,,,,1,,,-10.0475,-8.08375,-9.84659,-17.9303,6.18448,-17.2885
C[C@@H]1C[C@H]1C(=O)[O-],ZINC000001766070,290,Done,12.6,-10.0441,glide-grid_8F76,,,-10.0441,-1.97411,,,,,,,,,,,,,1,,,-10.0441,-4.00011,-11.5987,-15.5988,0.0426844,-13.8739
C[C@@H](CC(=O)[O-])C(=O)[O-],ZINC000000391199,489,Done,23.04,-10.0419,glide-grid_8F76,,,-10.0419,-1.41037,,,,,,,,,,,,,1,,,-10.0419,7.86336,-14.1022,-6.23887,5.96214,-6.1337
O=C([O-])c1nnco1,ZINC000040435006,293,Done,8.73,-10.0403,glide-grid_8F76,,,-10.0403,-2.0896,,,,,,,,,,,,,1,,,-10.0403,-12.1399,-12.4683,-24.6081,3.96137,-29.1653
O=C([O-])C1=CCC=C1,ZINC000059064373,291,Done,9.45,-10.0399,glide-grid_8F76,,,-10.0399,-1.97555,,,,,,,,,,,,,1,,,-10.0399,-7.28266,-7.62018,-14.9028,0.398367,-13.2972
O=C([O-])C1=CCC=C1,ZINC000088463132,292,Done,9.45,-10.0399,glide-grid_8F76,,,-10.0399,-1.97555,,,,,,,,,,,,,1,,,-10.0399,-7.28266,-7.62018,-14.9028,0.398367,-13.2972
COC1(C(=O)[O-])CC1,ZINC000104706455,294,Done,18.52,-10.0381,glide-grid_8F76,,,-10.0381,-2.05661,,,,,,,,,,,,,1,,,-10.0381,-9.00001,-13.2263,-22.2263,7.68831,-21.6744
O=C([O-])C1COC1,ZINC000020446316,296,Done,9.67,-10.0375,glide-grid_8F76,,,-10.0375,-2.06809,,,,,,,,,,,,,1,,,-10.0375,-9.23007,-11.0031,-20.2332,0.682207,-24.7068
O=C([O-])c1csnn1,ZINC000000967389,297,Done,7.53,-10.0368,glide-grid_8F76,,,-10.0368,-2.06156,,,,,,,,,,,,,1,,,-10.0368,-7.85776,-11.5992,-19.457,3.40653,-22.3216
O=C([O-])[C@]1(F)CCOC1,ZINC000108280580,298,Done,14.63,-10.0367,glide-grid_8F76,,,-10.0367,-1.71209,,,,,,,,,,,,,1,,,-10.0367,-5.44565,-11.5169,-16.9625,0.75766,-11.6244
O=C([O-])C1=COCCC1,ZINC000034129548,299,Done,12.36,-10.0355,glide-grid_8F76,,,-10.0355,-2.15583,,,,,,,,,,,,,1,,,-10.0355,-0.0342763,-9.73753,-9.77181,1.18272,0.599615
O=C([O-])c1cnsn1,ZINC000001270256,300,Done,9.02,-10.035,glide-grid_8F76,,,-10.035,-2.198,,,,,,,,,,,,,1,,,-10.035,-9.5629,-11.5984,-21.1613,2.92293,-23.9749
Cc1nc(C(=O)[O-])n[nH]1,ZINC000022688521,301,Done,7.42,-10.035,glide-grid_8F76,,,-10.035,-2.1518,,,,,,,,,,,,,1,,,-10.035,-7.83678,-12.1815,-20.0183,2.21945,-18.7919
O=C([O-])[C@H]1C[C@H]1CO,ZINC000039147347,436,Done,21.46,-10.0303,glide-grid_8F76,,,-10.0303,-2.46769,,,,,,,,,,,,,1,,,-10.0303,-7.04498,-9.65024,-16.6952,1.08473,-21.6208
O=C([O-])[C@H](F)C1CCC1,ZINC000088157889,302,Done,18.51,-10.0299,glide-grid_8F76,,,-10.0299,-2.12446,,,,,,,,,,,,,1,,,-10.0299,1.776,-12.8113,-11.0353,3.84211,1.14632
C/C(Cl)=C/C(=O)[O-],ZINC000001575454,303,Done,8.61,-10.0292,glide-grid_8F76,,,-10.0292,-2.10267,,,,,,,,,,,,,1,,,-10.0292,-7.59101,-9.37385,-16.9649,0.0965917,-19.906
O=C([O-])CCC(F)F,ZINC000039325990,305,Done,15.22,-10.0276,glide-grid_8F76,,,-10.0276,-2.15931,,,,,,,,,,,,,1,,,-10.0276,-8.91493,-11.4097,-20.3246,4.15625,-22.7476
O=C1C=C(C(=O)[O-])CC1,ZINC000013518017,306,Done,9.89,-10.0271,glide-grid_8F76,,,-10.0271,-2.04868,,,,,,,,,,,,,1,,,-10.0271,-5.99598,-8.11485,-14.1108,0.176385,-0.969316
O=C([O-])c1cc(Cl)ns1,ZINC000082404452,307,Done,6.96,-10.0258,glide-grid_8F76,,,-10.0258,-2.34185,,,,,,,,,,,,,1,,,-10.0258,8.89609,-11.2543,-2.35824,2.87519,0.909669
O=C([O-])c1coc(Br)n1,ZINC000044184982,309,Done,6.31,-10.0234,glide-grid_8F76,,,-10.0234,-2.23321,,,,,,,,,,,,,1,,,-10.0234,6.65007,-11.4664,-4.81638,3.33432,-5.01138
C[C@H]1O[C@H]1C(=O)[O-],ZINC000028530172,313,Done,9.45,-10.0216,glide-grid_8F76,,,-10.0216,-1.8641,,,,,,,,,,,,,1,,,-10.0216,-11.0072,-9.75069,-20.7579,0.0559706,-22.7523
Cn1cc(C(=O)[O-])c(F)n1,ZINC000203089095,315,Done,8.11,-10.0154,glide-grid_8F76,,,-10.0154,-2.25862,,,,,,,,,,,,,1,,,-10.0154,0.306199,-11.8578,-11.5516,2.69795,-3.50309
C[C@@H](C(=O)[O-])C(C)(F)F,ZINC000238856017,316,Done,12.34,-10.0089,glide-grid_8F76,,,-10.0089,-1.96642,,,,,,,,,,,,,1,,,-10.0089,-3.1662,-12.4157,-15.5819,2.66301,-8.07452
Cc1ccc(C(=O)[O-])s1,ZINC000000152267,321,Done,9.92,-10.0064,glide-grid_8F76,,,-10.0064,-2.17431,,,,,,,,,,,,,1,,,-10.0064,1.41014,-12.0247,-10.6145,-0.00023038,11.9238
C[C@@H]([C@H](F)C(=O)[O-])C(F)(F)F,ZINC000575471656,497,Done,15.34,-10.0045,glide-grid_8F76,,,-10.0045,-2.13202,,,,,,,,,,,,,1,,,-10.0045,-3.97828,-11.38,-15.3583,11.7008,-6.9088
O=C([O-])c1cccnn1,ZINC000001702762,322,Done,11.58,-10.0035,glide-grid_8F76,,,-10.0035,-2.13339,,,,,,,,,,,,,1,,,-10.0035,1.38019,-11.3095,-9.92931,2.75114,-6.67794
O=C1C[C@H](C(=O)[O-])CN1,ZINC000019088164,323,Done,10.51,-9.9998,glide-grid_8F76,,,-9.9998,-2.1624,,,,,,,,,,,,,1,,,-9.9998,-5.45058,-10.6951,-16.1457,0.1512,4.64559
CC(F)(F)CCC(=O)[O-],ZINC000019407990,324,Done,14.55,-9.99792,glide-grid_8F76,,,-9.99792,-2.18252,,,,,,,,,,,,,1,,,-9.99792,-6.07384,-10.7128,-16.7866,3.08223,-13.8448